{
    "metadata": {
        "shape": [
            13,
            8,
            3
        ],
        "size": 104,
        "tile_shape": [
            4000,
            6000
        ]
    },
    "coords": {
        "0": [
            0.0,
            0.0
        ],
        "1": [
            6.27685546875,
            5636.375198364258
        ],
        "2": [
            12.5537109375,
            11272.750396728516
        ],
        "3": [
            18.83056640625,
            16909.125595092773
        ],
        "4": [
            25.107421875,
            22545.50079345703
        ],
        "5": [
            31.38427734375,
            28181.87599182129
        ],
        "6": [
            37.6611328125,
            33818.25119018555
        ],
        "7": [
            43.93798828125,
            39454.626388549805
        ],
        "8": [
            3561.159881591797,
            12.90869140625
        ],
        "9": [
            3567.436737060547,
            5649.283889770508
        ],
        "10": [
            3573.713592529297,
            11285.659088134766
        ],
        "11": [
            3579.990447998047,
            16922.034286499023
        ],
        "12": [
            3586.267303466797,
            22558.40948486328
        ],
        "13": [
            3592.544158935547,
            28194.78468322754
        ],
        "14": [
            3598.821014404297,
            33831.1598815918
        ],
        "15": [
            3605.097869873047,
            39467.535079956055
        ],
        "16": [
            7122.319763183594,
            25.8173828125
        ],
        "17": [
            7128.596618652344,
            5662.192581176758
        ],
        "18": [
            7134.873474121094,
            11298.567779541016
        ],
        "19": [
            7141.150329589844,
            16934.942977905273
        ],
        "20": [
            7147.427185058594,
            22571.31817626953
        ],
        "21": [
            7153.704040527344,
            28207.69337463379
        ],
        "22": [
            7159.980895996094,
            33844.06857299805
        ],
        "23": [
            7166.257751464844,
            39480.443771362305
        ],
        "24": [
            10683.47964477539,
            38.72607421875
        ],
        "25": [
            10689.75650024414,
            5675.101272583008
        ],
        "26": [
            10696.03335571289,
            11311.476470947266
        ],
        "27": [
            10702.31021118164,
            16947.851669311523
        ],
        "28": [
            10708.58706665039,
            22584.22686767578
        ],
        "29": [
            10714.86392211914,
            28220.60206604004
        ],
        "30": [
            10721.14077758789,
            33856.9772644043
        ],
        "31": [
            10727.41763305664,
            39493.352462768555
        ],
        "32": [
            14244.639526367188,
            51.634765625
        ],
        "33": [
            14250.916381835938,
            5688.009963989258
        ],
        "34": [
            14257.193237304688,
            11324.385162353516
        ],
        "35": [
            14263.470092773438,
            16960.760360717773
        ],
        "36": [
            14269.746948242188,
            22597.13555908203
        ],
        "37": [
            14276.023803710938,
            28233.51075744629
        ],
        "38": [
            14282.300659179688,
            33869.88595581055
        ],
        "39": [
            14288.577514648438,
            39506.261154174805
        ],
        "40": [
            17805.799407958984,
            64.54345703125
        ],
        "41": [
            17812.076263427734,
            5700.918655395508
        ],
        "42": [
            17818.353118896484,
            11337.293853759766
        ],
        "43": [
            17824.629974365234,
            16973.669052124023
        ],
        "44": [
            17830.906829833984,
            22610.04425048828
        ],
        "45": [
            17837.183685302734,
            28246.41944885254
        ],
        "46": [
            17843.460540771484,
            33882.7946472168
        ],
        "47": [
            17849.737396240234,
            39519.169845581055
        ],
        "48": [
            21366.95928955078,
            77.4521484375
        ],
        "49": [
            21373.23614501953,
            5713.827346801758
        ],
        "50": [
            21379.51300048828,
            11350.202545166016
        ],
        "51": [
            21385.78985595703,
            16986.577743530273
        ],
        "52": [
            21392.06671142578,
            22622.95294189453
        ],
        "53": [
            21398.34356689453,
            28259.32814025879
        ],
        "54": [
            21404.62042236328,
            33895.70333862305
        ],
        "55": [
            21410.89727783203,
            39532.078536987305
        ],
        "56": [
            24928.119171142578,
            90.36083984375
        ],
        "57": [
            24934.396026611328,
            5726.736038208008
        ],
        "58": [
            24940.672882080078,
            11363.111236572266
        ],
        "59": [
            24946.949737548828,
            16999.486434936523
        ],
        "60": [
            24953.226593017578,
            22635.86163330078
        ],
        "61": [
            24959.503448486328,
            28272.23683166504
        ],
        "62": [
            24965.780303955078,
            33908.6120300293
        ],
        "63": [
            24972.057159423828,
            39544.987228393555
        ],
        "64": [
            28489.279052734375,
            103.26953125
        ],
        "65": [
            28495.555908203125,
            5739.644729614258
        ],
        "66": [
            28501.832763671875,
            11376.019927978516
        ],
        "67": [
            28508.109619140625,
            17012.395126342773
        ],
        "68": [
            28514.386474609375,
            22648.77032470703
        ],
        "69": [
            28520.663330078125,
            28285.14552307129
        ],
        "70": [
            28526.940185546875,
            33921.52072143555
        ],
        "71": [
            28533.217041015625,
            39557.895919799805
        ],
        "72": [
            32050.438934326172,
            116.17822265625
        ],
        "73": [
            32056.715789794922,
            5752.553421020508
        ],
        "74": [
            32062.992645263672,
            11388.928619384766
        ],
        "75": [
            32069.269500732422,
            17025.303817749023
        ],
        "76": [
            32075.546356201172,
            22661.67901611328
        ],
        "77": [
            32081.823211669922,
            28298.05421447754
        ],
        "78": [
            32088.100067138672,
            33934.4294128418
        ],
        "79": [
            32094.376922607422,
            39570.804611206055
        ],
        "80": [
            35611.59881591797,
            129.0869140625
        ],
        "81": [
            35617.87567138672,
            5765.462112426758
        ],
        "82": [
            35624.15252685547,
            11401.837310791016
        ],
        "83": [
            35630.42938232422,
            17038.212509155273
        ],
        "84": [
            35636.70623779297,
            22674.58770751953
        ],
        "85": [
            35642.98309326172,
            28310.96290588379
        ],
        "86": [
            35649.25994873047,
            33947.33810424805
        ],
        "87": [
            35655.53680419922,
            39583.713302612305
        ],